{"cameraMode":{"drawMode":0,"name":"Shaded","section":"Shading Mode"},"sceneLighting":true,"audioPlay":false,"sceneViewState":{"m_AlwaysRefresh":false,"showFog":true,"showSkybox":true,"showFlares":true,"showImageEffects":true,"showParticleSystems":true,"showVisualEffectGraphs":true,"m_FxEnabled":true},"in2DMode":false,"pivot":{"x":12.277495384216309,"y":2.153400421142578,"z":12.547287940979004},"rotation":{"x":-0.11421903967857361,"y":0.3681940734386444,"z":-0.04563325643539429,"w":-0.9215782880783081},"size":1.7320507764816285,"orthographic":false}